date,currency_code,local_price,dollar_ex,dollar_price
01/04/2000,ARS,2.5,1,2.5
01/04/2000,AUD,2.59,1,2.59
01/04/2000,BRL,2.95,1,2.95
01/04/2000,GBP,1.9,1,1.9
01/04/2000,CAD,2.85,1,2.85
01/04/2000,CLP,1260,514,2.45
01/04/2000,CNY,9.9,8,1.24
01/04/2000,CZK,54.37,39,1.39
01/04/2000,DKK,24.75,8,3.09
01/04/2000,EUR,2.56,1,2.56
01/04/2000,HKD,10.2,7,1.46
01/04/2000,HUF,339,279,1.22
01/04/2000,IDR,14500,7945,1.83
01/04/2000,ILS,14.5,4,3.62
01/04/2000,JPY,294,106,2.77
01/04/2000,MYR,4.52,3,1.51
01/04/2000,MXN,20.9,9,2.32
01/04/2000,NZD,3.4,2,1.7
01/04/2000,PLN,5.5,4,1.38
01/04/2000,RUB,39.5,28,1.41
01/04/2000,SGD,3.2,1,3.2
01/04/2000,ZAR,9,6,1.5
01/04/2000,KRW,3000,1108,2.71
01/04/2000,SEK,24,8,3
01/04/2000,CHF,5.9,1,5.9
01/04/2000,TWD,70,30,2.33
01/04/2000,THB,55,38,1.45
01/04/2000,USD,2.24,1,2.24
01/04/2001,ARS,2.5,1,2.5
01/04/2001,AUD,3,1,3
01/04/2001,BRL,3.6,2,1.8
01/04/2001,GBP,1.99,1,1.99
01/04/2001,CAD,3.33,1,3.33
01/04/2001,CLP,1260,601,2.1
01/04/2001,CNY,9.9,8,1.24
01/04/2001,CZK,56,39,1.44
01/04/2001,DKK,24.75,8,3.09
01/04/2001,EUR,2.57,1,2.57
01/04/2001,HKD,10.7,7,1.53
01/04/2001,HUF,399,303,1.32
01/04/2001,IDR,14700,10855,1.35
01/04/2001,JPY,294,124,2.37
01/04/2001,MYR,4.52,3,1.51
01/04/2001,MXN,21.9,9,2.43
01/04/2001,NZD,3.6,2,1.8
01/04/2001,PHP,59,50,1.18
01/04/2001,PLN,5.9,4,1.48
01/04/2001,RUB,35,28,1.25
01/04/2001,SGD,3.3,1,3.3
01/04/2001,ZAR,9.7,8,1.21
01/04/2001,KRW,3000,1325,2.26
01/04/2001,SEK,24,10,2.4
01/04/2001,CHF,6.3,1,6.3
01/04/2001,TWD,70,32,2.19
01/04/2001,THB,55,45,1.22
01/04/2001,USD,2.24,1,2.24
01/04/2002,ARS,2.5,3,0.83
01/04/2002,AUD,3,1,3
01/04/2002,BRL,3.6,2,1.8
01/04/2002,GBP,1.99,1,1.99
01/04/2002,CAD,3.33,1,3.33
01/04/2002,CLP,1400,655,2.14
01/04/2002,CNY,10.5,8,1.31
01/04/2002,CZK,56.28,34,1.66
01/04/2002,DKK,24.75,8,3.09
01/04/2002,EUR,2.67,1,2.67
01/04/2002,HKD,11.2,8,1.4
01/04/2002,HUF,459,272,1.69
01/04/2002,IDR,16000,9430,1.7
01/04/2002,ILS,12,4,3
01/04/2002,JPY,262,130,2.02
01/04/2002,MYR,5.04,3,1.68
01/04/2002,MXN,21.9,9,2.43
01/04/2002,NZD,3.6,2,1.8
01/04/2002,NOK,35,8,4.38
01/04/2002,PEN,8.5,3,2.83
01/04/2002,PHP,65,51,1.27
01/04/2002,PLN,5.9,4,1.48
01/04/2002,RUB,39,31,1.26
01/04/2002,SGD,3.3,1,3.3
01/04/2002,ZAR,9.7,10,0.97
01/04/2002,KRW,3100,1304,2.38
01/04/2002,SEK,26,10,2.6
01/04/2002,CHF,6.3,1,6.3
01/04/2002,TWD,70,34,2.06
01/04/2002,THB,55,43,1.28
01/04/2002,TRY,4000000,1324500,3.02
01/04/2002,USD,2.35,1,2.35
01/04/2002,VEF,2500,857,2.92
01/04/2003,ARS,4.1,2,2.05
01/04/2003,AUD,3,1,3
01/04/2003,BRL,4.55,3,1.52
01/04/2003,GBP,1.99,1,1.99
01/04/2003,CAD,3.2,1,3.2
01/04/2003,CLP,1400,716,1.96
01/04/2003,CNY,9.9,8,1.24
01/04/2003,CZK,56.57,28,2.02
01/04/2003,DKK,27.75,6,4.62
01/04/2003,EGP,8,5,1.6
01/04/2003,EUR,2.71,1,2.71
01/04/2003,HKD,11.5,7,1.64
01/04/2003,HUF,490,224,2.19
01/04/2003,IDR,16100,8740,1.84
01/04/2003,JPY,262,120,2.18
01/04/2003,MYR,5.04,3,1.68
01/04/2003,MXN,23,10,2.3
01/04/2003,NZD,3.95,1,3.95
01/04/2003,PEN,7.9,3,2.63
01/04/2003,PHP,65,52,1.25
01/04/2003,PLN,6.3,3,2.1
01/04/2003,RUB,41,31,1.32
01/04/2003,SGD,3.3,1,3.3
01/04/2003,ZAR,13.95,7,1.99
01/04/2003,KRW,3300,1220,2.7
01/04/2003,SEK,30,8,3.75
01/04/2003,CHF,6.3,1,6.3
01/04/2003,TWD,70,34,2.06
01/04/2003,THB,59,42,1.4
01/04/2003,TRY,3750000,1600500,2.34
01/04/2003,USD,2.46,1,2.46
01/04/2003,VEF,3700,1598,2.32
01/05/2004,ARS,4.36,2,2.18
01/05/2004,AUD,3.25,1,3.25
01/05/2004,BRL,5.4,3,1.8
01/05/2004,GBP,1.88,1,1.88
01/05/2004,CAD,3.19,1,3.19
01/05/2004,CLP,1400,641,2.18
01/05/2004,CNY,10.4,8,1.3
01/05/2004,COP,6500,2769,2.35
01/05/2004,CRC,1130,433,2.61
01/05/2004,CZK,56.42,26,2.17
01/05/2004,DKK,27.75,6,4.62
01/05/2004,EGP,10,6,1.67
01/05/2004,EUR,2.74,1,2.74
01/05/2004,HKD,12,7,1.71
01/05/2004,HUF,530,211,2.51
01/05/2004,IDR,16100,9120,1.77
01/05/2004,JPY,262,113,2.32
01/05/2004,MYR,5.04,3,1.68
01/05/2004,MXN,24,11,2.18
01/05/2004,NZD,4.35,1,4.35
01/05/2004,NOK,35.5,6,5.92
01/05/2004,PKR,110,57,1.93
01/05/2004,PEN,8.99,3,3
01/05/2004,PHP,69,55,1.25
01/05/2004,PLN,6.3,3,2.1
01/05/2004,RUB,42,29,1.45
01/05/2004,SAR,2.4,3,0.8
01/05/2004,SGD,3.3,1,3.3
01/05/2004,ZAR,12.4,6,2.07
01/05/2004,KRW,3200,1177,2.72
01/05/2004,LKR,140,99,1.41
01/05/2004,SEK,30,7,4.29
01/05/2004,CHF,6.3,1,6.3
01/05/2004,TWD,75,33,2.27
01/05/2004,THB,59,40,1.48
01/05/2004,TRY,3950000,1531000,2.58
01/05/2004,UAH,7.25,5,1.45
01/05/2004,USD,2.47,1,2.47
01/05/2004,UYU,29.8,29,1.03
01/05/2004,VEF,4400,2977,1.48
01/06/2005,ARS,4.75,2,2.38
01/06/2005,AUD,3.25,1,3.25
01/06/2005,BRL,5.9,2,2.95
01/06/2005,GBP,1.88,1,1.88
01/06/2005,CAD,3.28,1,3.28
01/06/2005,CLP,1500,592,2.53
01/06/2005,CNY,10.5,8,1.31
01/06/2005,COP,6500,2327,2.79
01/06/2005,CRC,1130,475,2.38
01/06/2005,CZK,56.42,24,2.35
01/06/2005,DKK,27.75,6,4.62
01/06/2005,EGP,9,5,1.8
01/06/2005,EUR,2.92,1,2.92
01/06/2005,HKD,12,7,1.71
01/06/2005,HUF,530,203,2.61
01/06/2005,IDR,14600,9545,1.53
01/06/2005,JPY,250,106,2.36
01/06/2005,MYR,5.25,3,1.75
01/06/2005,MXN,28,10,2.8
01/06/2005,NZD,4.45,1,4.45
01/06/2005,NOK,39,6,6.5
01/06/2005,PKR,130,59,2.2
01/06/2005,PEN,8.99,3,3
01/06/2005,PHP,80,54,1.48
01/06/2005,PLN,6.5,3,2.17
01/06/2005,RUB,42,28,1.5
01/06/2005,SAR,9,3,3
01/06/2005,SGD,3.6,1,3.6
01/06/2005,ZAR,13.95,6,2.32
01/06/2005,KRW,2500,1005,2.49
01/06/2005,LKR,175,99,1.77
01/06/2005,SEK,31,7,4.43
01/06/2005,CHF,6.3,1,6.3
01/06/2005,TWD,75,31,2.42
01/06/2005,THB,60,40,1.5
01/06/2005,TRY,4,1,4
01/06/2005,AED,9,3,3
01/06/2005,UAH,7.25,5,1.45
01/06/2005,USD,2.58,1,2.58
01/06/2005,UYU,44,24,1.83
01/06/2005,VEF,5600,2629,2.13
01/01/2006,ARS,4.75,3,1.58
01/01/2006,AUD,3.25,1,3.25
01/01/2006,BRL,6.2,2,3.1
01/01/2006,GBP,1.88,1,1.88
01/01/2006,CAD,3.52,1,3.52
01/01/2006,CLP,1560,522,2.99
01/01/2006,CNY,10.5,8,1.31
01/01/2006,CZK,62,23,2.7
01/01/2006,DKK,27.75,6,4.62
01/01/2006,EGP,9.25,5,1.85
01/01/2006,EUR,2.91,1,2.91
01/01/2006,HKD,12,7,1.71
01/01/2006,HUF,560,206,2.72
01/01/2006,IDR,14600,9460,1.54
01/01/2006,JPY,250,114,2.19
01/01/2006,MYR,5.5,3,1.83
01/01/2006,MXN,28,10,2.8
01/01/2006,NZD,4.45,1,4.45
01/01/2006,PEN,9.5,3,3.17
01/01/2006,PHP,82,52,1.58
01/01/2006,PLN,6.5,3,2.17
01/01/2006,RUB,46,28,1.64
01/01/2006,SGD,3.6,1,3.6
01/01/2006,ZAR,13.95,6,2.32
01/01/2006,KRW,2500,977,2.56
01/01/2006,SEK,33,7,4.71
01/01/2006,CHF,6.3,1,6.3
01/01/2006,TWD,75,31,2.42
01/01/2006,THB,60,39,1.54
01/01/2006,TRY,4.1,1,4.1
01/01/2006,USD,2.67,1,2.67
01/01/2006,VEF,5900,2615,2.26
01/05/2006,ARS,7,3,2.33
01/05/2006,AUD,3.25,1,3.25
01/05/2006,BRL,6.4,2,3.2
01/05/2006,GBP,1.94,1,1.94
01/05/2006,CAD,3.52,1,3.52
01/05/2006,CLP,1560,529,2.95
01/05/2006,CNY,10.5,8,1.31
01/05/2006,COP,6500,2503,2.6
01/05/2006,CRC,1130,509,2.22
01/05/2006,CZK,59.05,22,2.68
01/05/2006,DKK,27.75,5,5.55
01/05/2006,EGP,9.5,5,1.9
01/05/2006,EUR,2.939573529,1,2.94
01/05/2006,HKD,12,7,1.71
01/05/2006,HUF,560,206,2.72
01/05/2006,IDR,14600,9325,1.57
01/05/2006,JPY,250,112,2.23
01/05/2006,MYR,5.5,3,1.83
01/05/2006,MXN,29,11,2.64
01/05/2006,NZD,4.45,1,4.45
01/05/2006,NOK,43,6,7.17
01/05/2006,PKR,130,60,2.17
01/05/2006,PEN,9.5,3,3.17
01/05/2006,PHP,85,52,1.63
01/05/2006,PLN,6.5,3,2.17
01/05/2006,RUB,48,27,1.78
01/05/2006,SAR,9,3,3
01/05/2006,SGD,3.6,1,3.6
01/05/2006,ZAR,13.95,6,2.32
01/05/2006,KRW,2500,952,2.63
01/05/2006,LKR,190,102,1.86
01/05/2006,SEK,33,7,4.71
01/05/2006,CHF,6.3,1,6.3
01/05/2006,TWD,75,32,2.34
01/05/2006,THB,60,38,1.58
01/05/2006,TRY,4.2,1,4.2
01/05/2006,AED,9,3,3
01/05/2006,UAH,8.5,5,1.7
01/05/2006,USD,2.78,1,2.78
01/05/2006,UYU,42.28,23,1.84
01/05/2006,VEF,5701.25,2519,2.26
01/01/2007,ARS,8.25,3,2.75
01/01/2007,AUD,3.45,1,3.45
01/01/2007,BRL,6.4,2,3.2
01/01/2007,GBP,1.94,1,1.94
01/01/2007,CAD,3.63,1,3.63
01/01/2007,CLP,1670,540,3.09
01/01/2007,CNY,11,7,1.57
01/01/2007,COP,6900,2239,3.08
01/01/2007,CRC,1130,509,2.22
01/01/2007,CZK,52.1,21,2.48
01/01/2007,DKK,27.75,5,5.55
01/01/2007,EGP,9.09,5,1.82
01/01/2007,EUR,2.94,1,2.94
01/01/2007,HKD,12,7,1.71
01/01/2007,HUF,590,194,3.04
01/01/2007,IDR,15900,9090,1.75
01/01/2007,JPY,280,121,2.31
01/01/2007,MYR,5.5,3,1.83
01/01/2007,MXN,29,10,2.9
01/01/2007,NZD,4.6,1,4.6
01/01/2007,NOK,41.5,6,6.92
01/01/2007,PKR,140,60,2.33
01/01/2007,PEN,9.5,3,3.17
01/01/2007,PHP,85,49,1.73
01/01/2007,PLN,6.9,2,3.45
01/01/2007,RUB,49,26,1.88
01/01/2007,SAR,9,3,3
01/01/2007,SGD,3.6,1,3.6
01/01/2007,ZAR,15.5,7,2.21
01/01/2007,KRW,2900,940,3.09
01/01/2007,LKR,190,102,1.86
01/01/2007,SEK,32,7,4.57
01/01/2007,CHF,6.3,1,6.3
01/01/2007,TWD,75,32,2.34
01/01/2007,THB,62,35,1.77
01/01/2007,TRY,4.55,1,4.55
01/01/2007,AED,10,3,3.33
01/01/2007,UAH,9,5,1.8
01/01/2007,USD,2.89,1,2.89
01/01/2007,UYU,55,23,2.39
01/01/2007,VEF,6800,4125,1.65
01/06/2007,ARS,8.25,3,2.75
01/06/2007,AUD,3.45,1,3.45
01/06/2007,BRL,6.9,1,6.9
01/06/2007,GBP,1.99,1,1.99
01/06/2007,CAD,3.88,1,3.88
01/06/2007,CLP,1565,526,2.98
01/06/2007,CNY,11,7,1.57
01/06/2007,COP,6900,1956,3.53
01/06/2007,CRC,1130,518,2.18
01/06/2007,CZK,52.9,21,2.52
01/06/2007,DKK,27.75,5,5.55
01/06/2007,EGP,9.54,5,1.91
01/06/2007,EUR,3.057482443,1,3.06
01/06/2007,HKD,12,7,1.71
01/06/2007,HUF,600,180,3.33
01/06/2007,IDR,15900,9015,1.76
01/06/2007,JPY,280,122,2.3
01/06/2007,MYR,5.5,3,1.83
01/06/2007,MXN,29,10,2.9
01/06/2007,NZD,4.6,1,4.6
01/06/2007,NOK,40,5,8
01/06/2007,PKR,140,60,2.33
01/06/2007,PEN,9.5,3,3.17
01/06/2007,PHP,85,45,1.89
01/06/2007,PLN,6.9,2,3.45
01/06/2007,RUB,52,25,2.08
01/06/2007,SAR,9,3,3
01/06/2007,SGD,3.95,1,3.95
01/06/2007,ZAR,15.5,6,2.58
01/06/2007,KRW,2900,922,3.15
01/06/2007,LKR,210,111,1.89
01/06/2007,SEK,33,6,5.5
01/06/2007,CHF,6.3,1,6.3
01/06/2007,TWD,75,32,2.34
01/06/2007,THB,62,34,1.82
01/06/2007,TRY,4.75,1,4.75
01/06/2007,AED,10,3,3.33
01/06/2007,UAH,9.25,5,1.85
01/06/2007,USD,3,1,3
01/06/2007,UYU,62,23,2.7
01/06/2007,VEF,7400,2147,3.45
01/06/2008,ARS,11,3,3.67
01/06/2008,AUD,3.45,1,3.45
01/06/2008,BRL,7.5,1,7.5
01/06/2008,GBP,2.29,1,2.29
01/06/2008,CAD,4.09,1,4.09
01/06/2008,CLP,1550,494,3.14
01/06/2008,CNY,12.5,6,2.08
01/06/2008,COP,7000,1798,3.89
01/06/2008,CRC,1800,551,3.27
01/06/2008,CZK,66.08,14,4.72
01/06/2008,DKK,28,4,7
01/06/2008,EGP,13,5,2.6
01/06/2008,EUR,3.36856,1,3.37
01/06/2008,HKD,13.3,7,1.9
01/06/2008,HUF,670,144,4.65
01/06/2008,IDR,18700,9152,2.04
01/06/2008,JPY,280,106,2.64
01/06/2008,MYR,5.5,3,1.83
01/06/2008,MXN,32,10,3.2
01/06/2008,NZD,4.9,1,4.9
01/06/2008,NOK,40,5,8
01/06/2008,PKR,140,70,2
01/06/2008,PEN,9.5,2,4.75
01/06/2008,PHP,87,44,1.98
01/06/2008,PLN,7,2,3.5
01/06/2008,RUB,59,23,2.57
01/06/2008,SAR,10,3,3.33
01/06/2008,SGD,3.95,1,3.95
01/06/2008,ZAR,16.95,7,2.42
01/06/2008,KRW,3200,1018,3.14
01/06/2008,LKR,210,107,1.96
01/06/2008,SEK,38,5,7.6
01/06/2008,CHF,6.5,1,6.5
01/06/2008,TWD,75,30,2.5
01/06/2008,THB,62,33,1.88
01/06/2008,TRY,5.15,1,5.15
01/06/2008,AED,10,3,3.33
01/06/2008,UAH,11,4,2.75
01/06/2008,USD,3.21,1,3.21
01/06/2008,UYU,61,19,3.21
01/07/2009,ARS,11.5,3,3.83
01/07/2009,AUD,4.34,1,4.34
01/07/2009,BRL,8.03,1,8.03
01/07/2009,GBP,2.29,1,2.29
01/07/2009,CAD,3.89,1,3.89
01/07/2009,CLP,1750,548,3.19
01/07/2009,CNY,12.5,6,2.08
01/07/2009,COP,7000,2095,3.34
01/07/2009,CRC,2000,582,3.44
01/07/2009,CZK,67.92,18,3.77
01/07/2009,DKK,29.5,5,5.9
01/07/2009,EGP,13,5,2.6
01/07/2009,EUR,3.31,1,3.31
01/07/2009,HKD,13.3,7,1.9
01/07/2009,HUF,720,199,3.62
01/07/2009,IDR,20900,10200,2.05
01/07/2009,ILS,15,3,5
01/07/2009,JPY,320,92,3.48
01/07/2009,MYR,6.77,3,2.26
01/07/2009,MXN,33,13,2.54
01/07/2009,NZD,4.9,1,4.9
01/07/2009,NOK,40,6,6.67
01/07/2009,PKR,190,82,2.32
01/07/2009,PEN,8.056,3,2.69
01/07/2009,PHP,99.39,48,2.07
01/07/2009,PLN,7.6,3,2.53
01/07/2009,RUB,67,32,2.09
01/07/2009,SAR,11,3,3.67
01/07/2009,SGD,4.22,1,4.22
01/07/2009,ZAR,17.95,8,2.24
01/07/2009,KRW,3400,1314,2.59
01/07/2009,LKR,210,114,1.84
01/07/2009,SEK,39,7,5.57
01/07/2009,CHF,6.5,1,6.5
01/07/2009,TWD,75,33,2.27
01/07/2009,THB,64.49,34,1.9
01/07/2009,TRY,5.65,1,5.65
01/07/2009,AED,10,3,3.33
01/07/2009,UAH,14,7,2
01/07/2009,USD,3.43,1,3.43
01/07/2009,UYU,61,23,2.65
01/01/2010,ARS,7,3,2.33
01/01/2010,AUD,4.35,1,4.35
01/01/2010,BRL,8.2,1,8.2
01/01/2010,GBP,2.29,1,2.29
01/01/2010,CAD,4.12,1,4.12
01/01/2010,CLP,1600,503,3.18
01/01/2010,CNY,12.5,6,2.08
01/01/2010,COP,8200,2095,3.91
01/01/2010,CRC,2050,582,3.52
01/01/2010,CZK,67.64,18,3.76
01/01/2010,DKK,30.94,5,6.19
01/01/2010,EGP,13,5,2.6
01/01/2010,EUR,3.36,1,3.36
01/01/2010,HKD,14.8,7,2.11
01/01/2010,HUF,720,186,3.87
01/01/2010,IDR,20900,9320,2.24
01/01/2010,ILS,14.9,3,4.97
01/01/2010,JPY,320,91,3.52
01/01/2010,MYR,7.05,3,2.35
01/01/2010,MXN,32,12,2.67
01/01/2010,NZD,4.9,1,4.9
01/01/2010,NOK,40,5,8
01/01/2010,PKR,200,82,2.44
01/01/2010,PEN,8.056,2,4.03
01/01/2010,PHP,101.52,45,2.26
01/01/2010,PLN,8.1,2,4.05
01/01/2010,RUB,70,29,2.41
01/01/2010,SAR,10,3,3.33
01/01/2010,SGD,4.45,1,4.45
01/01/2010,ZAR,17.95,7,2.56
01/01/2010,KRW,3400,1140,2.98
01/01/2010,LKR,210,114,1.84
01/01/2010,SEK,39,7,5.57
01/01/2010,CHF,6.5,1,6.5
01/01/2010,TWD,75,31,2.42
01/01/2010,THB,70,33,2.12
01/01/2010,TRY,5.65,1,5.65
01/01/2010,AED,11,3,3.67
01/01/2010,UAH,14,7,2
01/01/2010,USD,3.43,1,3.43
01/01/2010,UYU,77,23,3.35
01/07/2010,ARS,14,3,4.67
01/07/2010,AUD,4.35,1,4.35
01/07/2010,BRL,8.71,1,8.71
01/07/2010,GBP,2.29,1,2.29
01/07/2010,CAD,4.17,1,4.17
01/07/2010,CLP,1750,523,3.35
01/07/2010,CNY,13.2,6,2.2
01/07/2010,COP,8200,1868,4.39
01/07/2010,CRC,2000,522,3.83
01/07/2010,CZK,67.64,19,3.56
01/07/2010,DKK,28.5,5,5.7
01/07/2010,EGP,13,5,2.6
01/07/2010,EUR,3.380031071,1,3.38
01/07/2010,HKD,14.8,7,2.11
01/07/2010,HUF,740,221,3.35
01/07/2010,IDR,22780,9063,2.51
01/07/2010,ILS,14.9,3,4.97
01/07/2010,JPY,320,87,3.68
01/07/2010,MYR,7.05,3,2.35
01/07/2010,MXN,32,12,2.67
01/07/2010,NZD,5,1,5
01/07/2010,NOK,45,6,7.5
01/07/2010,PKR,210,85,2.47
01/07/2010,PEN,10,2,5
01/07/2010,PHP,102,46,2.22
01/07/2010,PLN,8.3,3,2.77
01/07/2010,RUB,71,30,2.37
01/07/2010,SAR,10,3,3.33
01/07/2010,SGD,4.23,1,4.23
01/07/2010,ZAR,18.45,7,2.64
01/07/2010,KRW,3400,1204,2.82
01/07/2010,LKR,210,112,1.88
01/07/2010,SEK,48.4,7,6.91
01/07/2010,CHF,6.5,1,6.5
01/07/2010,TWD,75,32,2.34
01/07/2010,THB,70,32,2.19
01/07/2010,TRY,5.95,1,5.95
01/07/2010,AED,11,3,3.67
01/07/2010,UAH,14.5,7,2.07
01/07/2010,USD,3.53,1,3.53
01/07/2010,UYU,79,21,3.76
01/07/2011,ARS,20,4,5
01/07/2011,AUD,4.56,1,4.56
01/07/2011,EUR,3.09,1,3.09
01/07/2011,EUR,3.75,1,3.75
01/07/2011,BRL,9.5,1,9.5
01/07/2011,GBP,2.39,1,2.39
01/07/2011,CAD,4.73,1,4.73
01/07/2011,CLP,1850,462,4
01/07/2011,CNY,14.65,6,2.44
01/07/2011,COP,8400,1770,4.75
01/07/2011,CRC,2050,504,4.07
01/07/2011,CZK,69.32,17,4.08
01/07/2011,DKK,28.5,5,5.7
01/07/2011,EGP,14.09,5,2.82
01/07/2011,EUR,2.2,1,2.2
01/07/2011,EUR,3.437660401,1,3.44
01/07/2011,EUR,3.75,1,3.75
01/07/2011,EUR,3.5,1,3.5
01/07/2011,EUR,3.4,1,3.4
01/07/2011,EUR,3.26,1,3.26
01/07/2011,HKD,15.1,7,2.16
01/07/2011,HUF,760,188,4.04
01/07/2011,INR,84,44,1.91
01/07/2011,IDR,22534,8523,2.64
01/07/2011,EUR,3.8,1,3.8
01/07/2011,ILS,15.9,3,5.3
01/07/2011,EUR,3.5,1,3.5
01/07/2011,JPY,320,78,4.1
01/07/2011,MYR,7.2,2,3.6
01/07/2011,MXN,32,11,2.91
01/07/2011,EUR,3.25,1,3.25
01/07/2011,NZD,5.1,1,5.1
01/07/2011,NOK,45,5,9
01/07/2011,PKR,205.13,86,2.39
01/07/2011,PEN,10,2,5
01/07/2011,PHP,118,42,2.81
01/07/2011,PLN,8.63,2,4.32
01/07/2011,EUR,2.9,1,2.9
01/07/2011,RUB,75,27,2.78
01/07/2011,SAR,10,3,3.33
01/07/2011,SGD,4.41,1,4.41
01/07/2011,ZAR,19.45,6,3.24
01/07/2011,KRW,3700,1056,3.5
01/07/2011,EUR,3.5,1,3.5
01/07/2011,LKR,280,109,2.57
01/07/2011,SEK,48.4,6,8.07
01/07/2011,CHF,6.5,1,6.5
01/07/2011,TWD,75,28,2.68
01/07/2011,THB,70,29,2.41
01/07/2011,TRY,6.5,1,6.5
01/07/2011,AED,12,3,4
01/07/2011,UAH,16.5,7,2.36
01/07/2011,USD,3.64,1,3.64
01/07/2011,UYU,90,18,5
01/07/2011,VEF,28,4,7
01/01/2012,ARS,20,4,5
01/01/2012,AUD,4.8,1,4.8
01/01/2012,EUR,3.09,1,3.09
01/01/2012,EUR,3.7,1,3.7
01/01/2012,BRL,10.25,1,10.25
01/01/2012,GBP,2.49,1,2.49
01/01/2012,CAD,4.73,1,4.73
01/01/2012,CLP,2050,506,4.05
01/01/2012,CNY,15.4,6,2.57
01/01/2012,COP,8400,1852,4.54
01/01/2012,CRC,2050,509,4.03
01/01/2012,CZK,70.22,20,3.51
01/01/2012,DKK,31.5,5,6.3
01/01/2012,EGP,15.5,6,2.58
01/01/2012,EUR,2.04,1,2.04
01/01/2012,EUR,3.49245637,1,3.49
01/01/2012,EUR,3.75,1,3.75
01/01/2012,EUR,3.6,1,3.6
01/01/2012,EUR,3.53,1,3.53
01/01/2012,EUR,3.3,1,3.3
01/01/2012,HKD,16.5,7,2.36
01/01/2012,HUF,645,245,2.63
01/01/2012,INR,84,51,1.65
01/01/2012,IDR,22534,9160,2.46
01/01/2012,EUR,3.8,1,3.8
01/01/2012,ILS,15.9,3,5.3
01/01/2012,EUR,3.5,1,3.5
01/01/2012,JPY,320,76,4.21
01/01/2012,MYR,7.35,3,2.45
01/01/2012,MXN,37,13,2.85
01/01/2012,EUR,3.25,1,3.25
01/01/2012,NZD,5.1,1,5.1
01/01/2012,NOK,41,6,6.83
01/01/2012,PKR,260,90,2.89
01/01/2012,PEN,10,2,5
01/01/2012,PHP,118,44,2.68
01/01/2012,PLN,9.1,3,3.03
01/01/2012,EUR,2.9,1,2.9
01/01/2012,RUB,81,31,2.61
01/01/2012,SAR,10,3,3.33
01/01/2012,SGD,4.85,1,4.85
01/01/2012,ZAR,19.95,8,2.49
01/01/2012,KRW,3700,1158,3.2
01/01/2012,EUR,3.5,1,3.5
01/01/2012,LKR,290,113,2.57
01/01/2012,SEK,41,6,6.83
01/01/2012,CHF,6.5,1,6.5
01/01/2012,TWD,75,29,2.59
01/01/2012,THB,78,31,2.52
01/01/2012,TRY,6.6,1,6.6
01/01/2012,AED,12,3,4
01/01/2012,UAH,17,8,2.12
01/01/2012,USD,3.81,1,3.81
01/01/2012,UYU,90,19,4.74
01/01/2012,VEF,30,4,7.5
01/07/2012,ARS,19,4,4.75
01/07/2012,AUD,4.56,1,4.56
01/07/2012,EUR,3.19,1,3.19
01/07/2012,EUR,3.8,1,3.8
01/07/2012,BRL,10.08,2,5.04
01/07/2012,GBP,2.69,1,2.69
01/07/2012,CAD,5.12,1,5.12
01/07/2012,CLP,2050,493,4.16
01/07/2012,CNY,15.65,6,2.61
01/07/2012,COP,8600,1804,4.77
01/07/2012,CZK,70.33,21,3.35
01/07/2012,DKK,28.5,6,4.75
01/07/2012,EGP,16,6,2.67
01/07/2012,EUR,2.04,1,2.04
01/07/2012,EUR,3.583482241,1,3.58
01/07/2012,EUR,3.75,1,3.75
01/07/2012,EUR,3.6,1,3.6
01/07/2012,EUR,3.64,1,3.64
01/07/2012,EUR,2.683,1,2.68
01/07/2012,HKD,16.5,7,2.36
01/07/2012,HUF,830,238,3.49
01/07/2012,INR,89,56,1.59
01/07/2012,IDR,24200,9482,2.55
01/07/2012,EUR,3.49,1,3.49
01/07/2012,ILS,11.9,4,2.98
01/07/2012,EUR,3.6,1,3.6
01/07/2012,JPY,320,78,4.1
01/07/2012,MYR,7.4,3,2.47
01/07/2012,MXN,37,13,2.85
01/07/2012,EUR,3.38,1,3.38
01/07/2012,NZD,5.1,1,5.1
01/07/2012,NOK,43,6,7.17
01/07/2012,PKR,285,94,3.03
01/07/2012,PHP,118,42,2.81
01/07/2012,PLN,9.1,3,3.03
01/07/2012,EUR,4.95,1,4.95
01/07/2012,RUB,75,32,2.34
01/07/2012,SAR,10,3,3.33
01/07/2012,SGD,4.4,1,4.4
01/07/2012,ZAR,19.95,8,2.49
01/07/2012,KRW,3700,1151,3.21
01/07/2012,EUR,3.5,1,3.5
01/07/2012,LKR,290,131,2.21
01/07/2012,SEK,39.97301987,6,6.66
01/07/2012,CHF,6.5,1,6.5
01/07/2012,TWD,75,30,2.5
01/07/2012,THB,82,31,2.65
01/07/2012,TRY,8.25,1,8.25
01/07/2012,AED,12,3,4
01/07/2012,UAH,15,8,1.88
01/07/2012,USD,3.96,1,3.96
01/07/2012,UYU,99,21,4.71
01/07/2012,VEF,34,4,8.5
01/01/2013,ARS,19,4,4.75
01/01/2013,AUD,4.7,1,4.7
01/01/2013,EUR,3.39,1,3.39
01/01/2013,EUR,3.8,1,3.8
01/01/2013,BRL,11.25,1,11.25
01/01/2013,GBP,2.69,1,2.69
01/01/2013,CAD,5.41,1,5.41
01/01/2013,CLP,2050,471,4.35
01/01/2013,CNY,16,6,2.67
01/01/2013,COP,8600,1773,4.85
01/01/2013,CRC,2200,500,4.4
01/01/2013,CZK,70.33,18,3.91
01/01/2013,DKK,28.5,5,5.7
01/01/2013,EGP,16,6,2.67
01/01/2013,EUR,2.7,1,2.7
01/01/2013,EUR,3.594849572,1,3.59
01/01/2013,EUR,3.75,1,3.75
01/01/2013,EUR,3.6,1,3.6
01/01/2013,EUR,3.64,1,3.64
01/01/2013,EUR,3.3,1,3.3
01/01/2013,HKD,17,7,2.43
01/01/2013,HUF,830,217,3.82
01/01/2013,INR,89,53,1.68
01/01/2013,IDR,27939,9767,2.86
01/01/2013,EUR,3.49,1,3.49
01/01/2013,ILS,14.9,3,4.97
01/01/2013,EUR,3.85,1,3.85
01/01/2013,JPY,320,91,3.52
01/01/2013,MYR,7.95,3,2.65
01/01/2013,MXN,37,12,3.08
01/01/2013,EUR,3.45,1,3.45
01/01/2013,NZD,5.2,1,5.2
01/01/2013,NOK,43,5,8.6
01/01/2013,PKR,290,97,2.99
01/01/2013,PEN,10,2,5
01/01/2013,PHP,118,40,2.95
01/01/2013,PLN,9.1,3,3.03
01/01/2013,EUR,2.95,1,2.95
01/01/2013,RUB,72.88,30,2.43
01/01/2013,SAR,11,3,3.67
01/01/2013,SGD,4.5,1,4.5
01/01/2013,ZAR,20.9,9,2.32
01/01/2013,KRW,3700,1085,3.41
01/01/2013,EUR,3.5,1,3.5
01/01/2013,LKR,350,126,2.78
01/01/2013,SEK,40.55930138,6,6.76
01/01/2013,CHF,6.5,1,6.5
01/01/2013,TWD,75,29,2.59
01/01/2013,THB,87,29,3
01/01/2013,TRY,8.45,1,8.45
01/01/2013,AED,12,3,4
01/01/2013,UAH,19,8,2.38
01/01/2013,USD,4.03,1,4.03
01/01/2013,UYU,105,19,5.53
01/01/2013,VEF,39,4,9.75
01/07/2013,ARS,21,5,4.2
01/07/2013,AUD,5.035,1,5.04
01/07/2013,EUR,3.39,1,3.39
01/07/2013,EUR,3.7,1,3.7
01/07/2013,BRL,12,2,6
01/07/2013,GBP,2.69,1,2.69
01/07/2013,CAD,5.53,1,5.53
01/07/2013,CLP,2000,508,3.94
01/07/2013,CNY,16,6,2.67
01/07/2013,COP,8600,1921,4.48
01/07/2013,CRC,2150,498,4.32
01/07/2013,CZK,70.45,20,3.52
01/07/2013,DKK,28.5,5,5.7
01/07/2013,EGP,16.75,7,2.39
01/07/2013,EUR,2.75,1,2.75
01/07/2013,EUR,3.623870489,1,3.62
01/07/2013,EUR,4.1,1,4.1
01/07/2013,EUR,3.9,1,3.9
01/07/2013,EUR,3.64,1,3.64
01/07/2013,EUR,2.6,1,2.6
01/07/2013,HKD,17,7,2.43
01/07/2013,HUF,860,228,3.77
01/07/2013,INR,90,59,1.53
01/07/2013,IDR,27939,9965,2.8
01/07/2013,EUR,3.46,1,3.46
01/07/2013,ILS,17.5,3,5.83
01/07/2013,EUR,3.75,1,3.75
01/07/2013,JPY,320,100,3.2
01/07/2013,MYR,7.3,3,2.43
01/07/2013,MXN,37,12,3.08
01/07/2013,EUR,3.45,1,3.45
01/07/2013,NZD,5.5,1,5.5
01/07/2013,NOK,46,6,7.67
01/07/2013,PKR,300,100,3
01/07/2013,PEN,10,2,5
01/07/2013,PHP,115.21,43,2.68
01/07/2013,PLN,9.2,3,3.07
01/07/2013,EUR,2.95,1,2.95
01/07/2013,RUB,87,32,2.72
01/07/2013,SAR,10,3,3.33
01/07/2013,SGD,4.7,1,4.7
01/07/2013,ZAR,22.5,10,2.25
01/07/2013,KRW,3900,1135,3.44
01/07/2013,EUR,3.5,1,3.5
01/07/2013,LKR,370,130,2.85
01/07/2013,SEK,41.61,6,6.94
01/07/2013,CHF,6.5,1,6.5
01/07/2013,TWD,79,30,2.63
01/07/2013,THB,89,31,2.87
01/07/2013,TRY,8.5,1,8.5
01/07/2013,AED,12,3,4
01/07/2013,UAH,19,8,2.38
01/07/2013,USD,4.18,1,4.18
01/07/2013,UYU,105,21,5
01/07/2013,VEF,45,6,7.5
01/01/2014,ARS,21,6,3.5
01/01/2014,AUD,5.05,1,5.05
01/01/2014,EUR,3.39,1,3.39
01/01/2014,EUR,3.95,1,3.95
01/01/2014,BRL,12.4,2,6.2
01/01/2014,GBP,2.79,1,2.79
01/01/2014,CAD,5.54,1,5.54
01/01/2014,CLP,2000,541,3.7
01/01/2014,CNY,16.6,6,2.77
01/01/2014,COP,8600,1982,4.34
01/01/2014,CRC,2150,501,4.29
01/01/2014,CZK,70.45,20,3.52
01/01/2014,DKK,28.5,5,5.7
01/01/2014,EGP,16.93,6,2.82
01/01/2014,EUR,2.8,1,2.8
01/01/2014,EUR,3.657962724,1,3.66
01/01/2014,EUR,4.1,1,4.1
01/01/2014,EUR,3.8,1,3.8
01/01/2014,EUR,3.67,1,3.67
01/01/2014,EUR,3.05,1,3.05
01/01/2014,HKD,18,7,2.57
01/01/2014,HUF,860,223,3.86
01/01/2014,INR,95,61,1.56
01/01/2014,IDR,27939,12140,2.3
01/01/2014,EUR,3.46,1,3.46
01/01/2014,ILS,17.5,3,5.83
01/01/2014,EUR,3.85,1,3.85
01/01/2014,JPY,310,104,2.98
01/01/2014,EUR,8.8,2,4.4
01/01/2014,MYR,7.4,3,2.47
01/01/2014,MXN,37,13,2.85
01/01/2014,EUR,3.45,1,3.45
01/01/2014,NZD,5.5,1,5.5
01/01/2014,NOK,48,6,8
01/01/2014,PKR,320,105,3.05
01/01/2014,PEN,10,2,5
01/01/2014,PHP,135,45,3
01/01/2014,PLN,9.2,3,3.07
01/01/2014,EUR,3,1,3
01/01/2014,RUB,89,33,2.7
01/01/2014,SAR,11,3,3.67
01/01/2014,SGD,4.6,1,4.6
01/01/2014,ZAR,23.5,10,2.35
01/01/2014,KRW,3700,1067,3.47
01/01/2014,EUR,3.65,1,3.65
01/01/2014,LKR,350,130,2.69
01/01/2014,SEK,40.7,6,6.78
01/01/2014,CHF,6.5,1,6.5
01/01/2014,TWD,79,30,2.63
01/01/2014,THB,96,32,3
01/01/2014,TRY,8.5,2,4.25
01/01/2014,AED,12,3,4
01/01/2014,UAH,19,8,2.38
01/01/2014,USD,4.24,1,4.24
01/01/2014,UYU,105,21,5
01/01/2014,VEF,45,6,7.5
01/07/2014,ARS,21,8,2.62
01/07/2014,AUD,5.1,1,5.1
01/07/2014,EUR,3.39,1,3.39
01/07/2014,EUR,3.7,1,3.7
01/07/2014,BRL,13,2,6.5
01/07/2014,GBP,2.89,1,2.89
01/07/2014,CAD,5.64,1,5.64
01/07/2014,CLP,2100,564,3.72
01/07/2014,CNY,16.9,6,2.82
01/07/2014,COP,8600,1847,4.66
01/07/2014,CRC,2150,537,4
01/07/2014,CZK,70.45,20,3.52
01/07/2014,DKK,28.5,5,5.7
01/07/2014,EGP,16.93,7,2.42
01/07/2014,EUR,2.9,1,2.9
01/07/2014,EUR,3.67923829,1,3.68
01/07/2014,EUR,4.1,1,4.1
01/07/2014,EUR,3.9,1,3.9
01/07/2014,EUR,3.67,1,3.67
01/07/2014,EUR,3.05,1,3.05
01/07/2014,HKD,18.8,7,2.69
01/07/2014,HUF,860,228,3.77
01/07/2014,INR,105,60,1.75
01/07/2014,IDR,27939,11505,2.43
01/07/2014,EUR,3.49,1,3.49
01/07/2014,ILS,17.5,3,5.83
01/07/2014,EUR,3.85,1,3.85
01/07/2014,JPY,370,101,3.66
01/07/2014,EUR,8.95,2,4.47
01/07/2014,MYR,7.63,3,2.54
01/07/2014,MXN,42,12,3.5
01/07/2014,EUR,3.45,1,3.45
01/07/2014,NZD,5.7,1,5.7
01/07/2014,NOK,48,6,8
01/07/2014,PKR,300,98,3.06
01/07/2014,PEN,10,2,5
01/07/2014,PHP,160,43,3.72
01/07/2014,PLN,9.2,3,3.07
01/07/2014,EUR,3,1,3
01/07/2014,RUB,89,34,2.62
01/07/2014,SAR,11,3,3.67
01/07/2014,SGD,4.7,1,4.7
01/07/2014,ZAR,24.5,10,2.45
01/07/2014,KRW,4100,1023,4.01
01/07/2014,EUR,3.65,1,3.65
01/07/2014,LKR,350,130,2.69
01/07/2014,SEK,40.7,6,6.78
01/07/2014,CHF,6.16,1,6.16
01/07/2014,TWD,79,29,2.72
01/07/2014,THB,99,31,3.19
01/07/2014,TRY,9.25,2,4.62
01/07/2014,AED,13,3,4.33
01/07/2014,UAH,19,11,1.73
01/07/2014,USD,4.29,1,4.29
01/07/2014,UYU,113,22,5.14
01/07/2014,VEF,75,11,6.82
01/07/2014,VND,60000,21230,2.83
01/01/2015,ARS,28,8,3.5
01/01/2015,AUD,5.3,1,5.3
01/01/2015,EUR,3.39,1,3.39
01/01/2015,EUR,3.7,1,3.7
01/01/2015,BRL,13.5,2,6.75
01/01/2015,GBP,2.89,1,2.89
01/01/2015,CAD,5.7,1,5.7
01/01/2015,CLP,2100,627,3.35
01/01/2015,CNY,17.2,6,2.87
01/01/2015,COP,7900,2364,3.34
01/01/2015,CRC,2150,536,4.01
01/01/2015,CZK,70.45,24,2.94
01/01/2015,DKK,34.5,6,5.75
01/01/2015,EGP,16.93,7,2.42
01/01/2015,EUR,2.9,1,2.9
01/01/2015,EUR,3.68,1,3.68
01/01/2015,EUR,4.1,1,4.1
01/01/2015,EUR,3.9,1,3.9
01/01/2015,EUR,3.67,1,3.67
01/01/2015,EUR,3.05,1,3.05
01/01/2015,HKD,18.8,7,2.69
01/01/2015,HUF,860,271,3.17
01/01/2015,INR,116.25,61,1.91
01/01/2015,IDR,27939,12480,2.24
01/01/2015,EUR,3.49,1,3.49
01/01/2015,ILS,17.5,3,5.83
01/01/2015,EUR,3.85,1,3.85
01/01/2015,JPY,370,117,3.16
01/01/2015,MYR,7.63,3,2.54
01/01/2015,MXN,49,14,3.5
01/01/2015,EUR,3.45,1,3.45
01/01/2015,NZD,5.9,1,5.9
01/01/2015,NOK,48,7,6.86
01/01/2015,PKR,300,100,3
01/01/2015,PEN,10,3,3.33
01/01/2015,PHP,163,44,3.7
01/01/2015,PLN,9.2,3,3.07
01/01/2015,EUR,3,1,3
01/01/2015,RUB,89,65,1.37
01/01/2015,SAR,11,3,3.67
01/01/2015,SGD,4.7,1,4.7
01/01/2015,ZAR,25.5,11,2.32
01/01/2015,KRW,4100,1083,3.79
01/01/2015,EUR,3.65,1,3.65
01/01/2015,LKR,350,131,2.67
01/01/2015,SEK,40.7,8,5.09
01/01/2015,CHF,6.5,1,6.5
01/01/2015,TWD,79,31,2.55
01/01/2015,THB,99,32,3.09
01/01/2015,TRY,9.25,2,4.62
01/01/2015,AED,13,3,4.33
01/01/2015,UAH,19,15,1.27
01/01/2015,USD,4.29,1,4.29
01/01/2015,UYU,113,24,4.71
01/01/2015,VEF,132,52,2.54
01/01/2015,VND,60000,21380,2.81
01/07/2015,ARS,28,9,3.11
01/07/2015,AUD,5.3,1,5.3
01/07/2015,EUR,3.39,1,3.39
01/07/2015,EUR,3.7,1,3.7
01/07/2015,BRL,13.5,3,4.5
01/07/2015,GBP,2.89,1,2.89
01/07/2015,CAD,5.85,1,5.85
01/07/2015,CLP,2100,642,3.27
01/07/2015,CNY,17,6,2.83
01/07/2015,COP,7900,2708,2.92
01/07/2015,CRC,2150,533,4.03
01/07/2015,CZK,70,24,2.92
01/07/2015,DKK,34.59,6,5.76
01/07/2015,EGP,16.93,7,2.42
01/07/2015,EUR,2.95,1,2.95
01/07/2015,EUR,3.7,1,3.7
01/07/2015,EUR,4.1,1,4.1
01/07/2015,EUR,4.1,1,4.1
01/07/2015,EUR,3.59,1,3.59
01/07/2015,EUR,3.05,1,3.05
01/07/2015,HKD,19.2,7,2.74
01/07/2015,HUF,900,282,3.19
01/07/2015,INR,116.25,63,1.85
01/07/2015,IDR,30500,13344,2.29
01/07/2015,EUR,3.7,1,3.7
01/07/2015,ILS,17.5,3,5.83
01/07/2015,EUR,4,1,4
01/07/2015,JPY,370,123,3.01
01/07/2015,MYR,7.65,3,2.55
01/07/2015,MXN,49,15,3.27
01/07/2015,EUR,3.45,1,3.45
01/07/2015,NZD,5.9,1,5.9
01/07/2015,NOK,46,8,5.75
01/07/2015,PKR,350,101,3.47
01/07/2015,PEN,10,3,3.33
01/07/2015,PHP,163,45,3.62
01/07/2015,PLN,9.6,3,3.2
01/07/2015,EUR,3,1,3
01/07/2015,RUB,107,56,1.91
01/07/2015,SAR,12,3,4
01/07/2015,SGD,4.7,1,4.7
01/07/2015,ZAR,26,12,2.17
01/07/2015,KRW,4300,1143,3.76
01/07/2015,EUR,3.65,1,3.65
01/07/2015,LKR,350,133,2.63
01/07/2015,SEK,43.7,8,5.46
01/07/2015,CHF,6.5,1,6.5
01/07/2015,TWD,79,31,2.55
01/07/2015,THB,108,34,3.18
01/07/2015,TRY,10.25,2,5.12
01/07/2015,AED,13,3,4.33
01/07/2015,UAH,34,21,1.62
01/07/2015,USD,4.29,1,4.29
01/07/2015,UYU,113,27,4.19
01/07/2015,VEF,132,197,0.67
01/07/2015,VND,60000,21810,2.75
01/01/2016,ARS,33,13,2.54
01/01/2016,AUD,5.3,1,5.3
01/01/2016,EUR,3.5,1,3.5
01/01/2016,EUR,3.95,1,3.95
01/01/2016,BRL,13.5,4,3.38
01/01/2016,GBP,2.89,1,2.89
01/01/2016,CAD,5.84,1,5.84
01/01/2016,CLP,2100,715,2.94
01/01/2016,CNY,17.6,6,2.93
01/01/2016,COP,7900,3253,2.43
01/01/2016,CRC,2150,535,4.02
01/01/2016,CZK,75,25,3
01/01/2016,DKK,30,6,5
01/01/2016,EGP,16.93,7,2.42
01/01/2016,EUR,3,1,3
01/01/2016,EUR,3.72,1,3.72
01/01/2016,EUR,4.1,1,4.1
01/01/2016,EUR,4.1,1,4.1
01/01/2016,EUR,3.59,1,3.59
01/01/2016,EUR,3.35,1,3.35
01/01/2016,HKD,19.2,7,2.74
01/01/2016,HUF,900,292,3.08
01/01/2016,INR,127,66,1.92
01/01/2016,IDR,30500,13947,2.19
01/01/2016,EUR,3.95,1,3.95
01/01/2016,ILS,16.9,3,5.63
01/01/2016,EUR,4,1,4
01/01/2016,JPY,370,118,3.14
01/01/2016,MYR,8,4,2
01/01/2016,MXN,49,17,2.88
01/01/2016,EUR,3.45,1,3.45
01/01/2016,NZD,5.9,1,5.9
01/01/2016,NOK,46.8,8,5.85
01/01/2016,PKR,300,104,2.88
01/01/2016,PEN,10,3,3.33
01/01/2016,PHP,131,47,2.79
01/01/2016,PLN,9.6,4,2.4
01/01/2016,EUR,3,1,3
01/01/2016,RUB,114,74,1.54
01/01/2016,SAR,12,3,4
01/01/2016,SGD,4.7,1,4.7
01/01/2016,ZAR,28,15,1.87
01/01/2016,KRW,4300,1197,3.59
01/01/2016,EUR,3.5,1,3.5
01/01/2016,LKR,350,144,2.43
01/01/2016,SEK,45,8,5.62
01/01/2016,CHF,6.5,1,6.5
01/01/2016,TWD,69,33,2.09
01/01/2016,THB,112,36,3.11
01/01/2016,TRY,10.25,3,3.42
01/01/2016,AED,13,3,4.33
01/01/2016,UAH,36,23,1.57
01/01/2016,USD,4.29,1,4.29
01/01/2016,UYU,113,30,3.77
01/01/2016,VEF,132,198,0.67
01/01/2016,VND,60000,22467,2.67
01/07/2016,ARS,50,14,3.57
01/07/2016,AUD,5.75,1,5.75
01/07/2016,EUR,3.6,1,3.6
01/07/2016,EUR,3.95,1,3.95
01/07/2016,BRL,15.5,3,5.17
01/07/2016,GBP,2.99,1,2.99
01/07/2016,CAD,6,1,6
01/07/2016,CLP,2300,651,3.53
01/07/2016,CNY,18.6,6,3.1
01/07/2016,COP,8900,2929,3.04
01/07/2016,CRC,2250,546,4.12
01/07/2016,CZK,75,24,3.12
01/07/2016,DKK,30,6,5
01/07/2016,EGP,23,8,2.88
01/07/2016,EUR,3.1,1,3.1
01/07/2016,EUR,3.82,1,3.82
01/07/2016,EUR,4.6,1,4.6
01/07/2016,EUR,4.1,1,4.1
01/07/2016,EUR,3.79,1,3.79
01/07/2016,EUR,3.35,1,3.35
01/07/2016,HKD,19.2,7,2.74
01/07/2016,HUF,900,285,3.16
01/07/2016,INR,162,67,2.42
01/07/2016,IDR,31000,13112,2.36
01/07/2016,EUR,4,1,4
01/07/2016,ILS,16.9,3,5.63
01/07/2016,EUR,4.2,1,4.2
01/07/2016,JPY,370,106,3.49
01/07/2016,MYR,8,4,2
01/07/2016,MXN,44,18,2.44
01/07/2016,EUR,3.45,1,3.45
01/07/2016,NZD,6,1,6
01/07/2016,NOK,46.8,8,5.85
01/07/2016,PKR,375,104,3.61
01/07/2016,PEN,10,3,3.33
01/07/2016,PHP,133,47,2.83
01/07/2016,PLN,9.6,3,3.2
01/07/2016,EUR,3.05,1,3.05
01/07/2016,RUB,130,63,2.06
01/07/2016,SAR,12,3,4
01/07/2016,SGD,5.45,1,5.45
01/07/2016,ZAR,30,14,2.14
01/07/2016,KRW,4400,1140,3.86
01/07/2016,EUR,3.5,1,3.5
01/07/2016,LKR,530,146,3.63
01/07/2016,SEK,44.94,8,5.62
01/07/2016,CHF,6.5,1,6.5
01/07/2016,TWD,69,32,2.16
01/07/2016,THB,119,34,3.5
01/07/2016,TRY,10.75,3,3.58
01/07/2016,AED,13,3,4.33
01/07/2016,UAH,39,24,1.62
01/07/2016,USD,4.5,1,4.5
01/07/2016,UYU,123,30,4.1
01/07/2016,VEF,2170,641,3.39
01/07/2016,VND,60000,22300,2.69
01/01/2017,ARS,55,15,3.67
01/01/2017,AUD,5.8,1,5.8
01/01/2017,EUR,3.4,1,3.4
01/01/2017,EUR,3.95,1,3.95
01/01/2017,BRL,16.5,3,5.5
01/01/2017,GBP,3.09,1,3.09
01/01/2017,CAD,5.98,1,5.98
01/01/2017,CLP,2450,672,3.65
01/01/2017,CNY,19.6,6,3.27
01/01/2017,COP,9900,2994,3.31
01/01/2017,CRC,2250,554,4.06
01/01/2017,CZK,75,25,3
01/01/2017,DKK,30,7,4.29
01/01/2017,EGP,27.49,18,1.53
01/01/2017,EUR,3.1,1,3.1
01/01/2017,EUR,3.88,1,3.88
01/01/2017,EUR,4.55,1,4.55
01/01/2017,EUR,4.1,1,4.1
01/01/2017,EUR,3.79,1,3.79
01/01/2017,EUR,3.35,1,3.35
01/01/2017,HKD,19.2,7,2.74
01/01/2017,HUF,900,294,3.06
01/01/2017,INR,170,68,2.5
01/01/2017,IDR,31000,13329,2.33
01/01/2017,EUR,4,1,4
01/01/2017,ILS,16.9,3,5.63
01/01/2017,EUR,4.2,1,4.2
01/01/2017,JPY,380,116,3.28
01/01/2017,MYR,8,4,2
01/01/2017,MXN,49,21,2.33
01/01/2017,EUR,3.61,1,3.61
01/01/2017,NZD,6,1,6
01/01/2017,NOK,49,8,6.12
01/01/2017,PKR,375,104,3.61
01/01/2017,PEN,11,3,3.67
01/01/2017,PHP,133,49,2.71
01/01/2017,PLN,9.6,4,2.4
01/01/2017,EUR,3.05,1,3.05
01/01/2017,RUB,130,60,2.17
01/01/2017,SAR,12,3,4
01/01/2017,SGD,5.6,1,5.6
01/01/2017,ZAR,26.32,13,2.02
01/01/2017,KRW,4400,1196,3.68
01/01/2017,EUR,3.95,1,3.95
01/01/2017,LKR,550,150,3.67
01/01/2017,SEK,48,9,5.33
01/01/2017,CHF,6.5,1,6.5
01/01/2017,TWD,69,31,2.23
01/01/2017,THB,119,35,3.4
01/01/2017,TRY,10.75,3,3.58
01/01/2017,AED,13,3,4.33
01/01/2017,UAH,42,27,1.56
01/01/2017,USD,4.5,1,4.5
01/01/2017,UYU,125,28,4.46
01/01/2017,VEF,3550,676,5.25
01/01/2017,VND,60000,22572,2.66
01/07/2017,ARS,70,16,4.38
01/07/2017,AUD,5.9,1,5.9
01/07/2017,EUR,3.4,1,3.4
01/07/2017,EUR,4.05,1,4.05
01/07/2017,BRL,16.5,3,5.5
01/07/2017,GBP,3.19,1,3.19
01/07/2017,CAD,5.97,1,5.97
01/07/2017,CLP,2550,663,3.85
01/07/2017,CNY,19.8,6,3.3
01/07/2017,COP,9900,3052,3.24
01/07/2017,CRC,2290,572,4
01/07/2017,CZK,75,22,3.41
01/07/2017,DKK,30,6,5
01/07/2017,EGP,31.37,17,1.85
01/07/2017,EUR,3.15,1,3.15
01/07/2017,EUR,3.91,1,3.91
01/07/2017,EUR,4.56,1,4.56
01/07/2017,EUR,4.1,1,4.1
01/07/2017,EUR,3.9,1,3.9
01/07/2017,EUR,3.35,1,3.35
01/07/2017,HKD,19.2,7,2.74
01/07/2017,HUF,862,268,3.22
01/07/2017,INR,178,64,2.78
01/07/2017,IDR,32126,13369,2.4
01/07/2017,EUR,4.07,1,4.07
01/07/2017,ILS,16.9,3,5.63
01/07/2017,EUR,4.2,1,4.2
01/07/2017,JPY,380,113,3.36
01/07/2017,MYR,8.6,4,2.15
01/07/2017,MXN,49,17,2.88
01/07/2017,EUR,3.61,1,3.61
01/07/2017,NZD,6.1,1,6.1
01/07/2017,NOK,49,8,6.12
01/07/2017,PKR,375,105,3.57
01/07/2017,PEN,10.5,3,3.5
01/07/2017,PHP,134,50,2.68
01/07/2017,PLN,10.1,3,3.37
01/07/2017,EUR,3.25,1,3.25
01/07/2017,RUB,137,60,2.28
01/07/2017,SAR,12,3,4
01/07/2017,SGD,5.6,1,5.6
01/07/2017,ZAR,30,13,2.31
01/07/2017,KRW,4400,1144,3.85
01/07/2017,EUR,3.8,1,3.8
01/07/2017,LKR,580,153,3.79
01/07/2017,SEK,48.97,8,6.12
01/07/2017,CHF,6.5,1,6.5
01/07/2017,TWD,69,30,2.3
01/07/2017,THB,119,34,3.5
01/07/2017,TRY,10.75,3,3.58
01/07/2017,AED,14,3,4.67
01/07/2017,UAH,44,25,1.76
01/07/2017,USD,4.5,1,4.5
01/07/2017,UYU,130,28,4.64
01/07/2017,VEF,10950,2700,4.06
01/07/2017,VND,60000,22732,2.64
01/01/2018,ARS,75,18,4.17
01/01/2018,AUD,5.9,1,5.9
01/01/2018,EUR,3.4,1,3.4
01/01/2018,EUR,4.1,1,4.1
01/01/2018,BRL,16.5,3,5.5
01/01/2018,GBP,3.19,1,3.19
01/01/2018,CAD,6.55,1,6.55
01/01/2018,CLP,2600,605,4.3
01/01/2018,CNY,20.4,6,3.4
01/01/2018,COP,10900,2844,3.83
01/01/2018,CRC,2290,568,4.03
01/01/2018,CZK,79,20,3.95
01/01/2018,DKK,30,6,5
01/01/2018,EGP,34.21,17,2.01
01/01/2018,EUR,3.15,1,3.15
01/01/2018,EUR,3.95,1,3.95
01/01/2018,EUR,4.56,1,4.56
01/01/2018,EUR,4.2,1,4.2
01/01/2018,EUR,3.9,1,3.9
01/01/2018,EUR,3.35,1,3.35
01/01/2018,HKD,20.5,7,2.93
01/01/2018,HUF,864,252,3.43
01/01/2018,INR,180,63,2.86
01/01/2018,IDR,35750,13359,2.68
01/01/2018,EUR,4.07,1,4.07
01/01/2018,ILS,16.5,3,5.5
01/01/2018,EUR,4.2,1,4.2
01/01/2018,JPY,380,110,3.45
01/01/2018,MYR,9,3,3
01/01/2018,MXN,48,18,2.67
01/01/2018,EUR,3.71,1,3.71
01/01/2018,NZD,6.2,1,6.2
01/01/2018,NOK,49,7,7
01/01/2018,PKR,375,110,3.41
01/01/2018,PEN,10.5,3,3.5
01/01/2018,PHP,134,50,2.68
01/01/2018,PLN,10.1,3,3.37
01/01/2018,EUR,3.2,1,3.2
01/01/2018,RUB,130,56,2.32
01/01/2018,SAR,12,3,4
01/01/2018,SGD,5.8,1,5.8
01/01/2018,ZAR,30,12,2.5
01/01/2018,KRW,4400,1069,4.12
01/01/2018,EUR,3.95,1,3.95
01/01/2018,LKR,580,153,3.79
01/01/2018,SEK,49.1,8,6.14
01/01/2018,CHF,6.5,1,6.5
01/01/2018,TWD,69,29,2.38
01/01/2018,THB,119,31,3.84
01/01/2018,TRY,10.75,3,3.58
01/01/2018,AED,14,3,4.67
01/01/2018,UAH,47,28,1.68
01/01/2018,USD,4.61,1,4.61
01/01/2018,UYU,140,28,5
01/01/2018,VEF,0,1,0
01/01/2018,VND,65000,22711,2.86
01/07/2018,ARS,75,27,2.78
01/07/2018,AUD,6.05,1,6.05
01/07/2018,EUR,3.4,1,3.4
01/07/2018,AZN,3.95,1,3.95
01/07/2018,BHD,1.2,1,1.2
01/07/2018,EUR,4.1,1,4.1
01/07/2018,BRL,16.9,3,5.63
01/07/2018,GBP,3.19,1,3.19
01/07/2018,CAD,6.65,1,6.65
01/07/2018,CLP,2640,651,4.06
01/07/2018,CNY,20.5,6,3.42
01/07/2018,COP,11900,2874,4.14
01/07/2018,CRC,2290,567,4.04
01/07/2018,HRK,21,6,3.5
01/07/2018,CZK,75,22,3.41
01/07/2018,DKK,30,6,5
01/07/2018,EGP,31.37,17,1.85
01/07/2018,EUR,3.15,1,3.15
01/07/2018,EUR,4.04,1,4.04
01/07/2018,EUR,4.62,1,4.62
01/07/2018,EUR,4.2,1,4.2
01/07/2018,EUR,4.12,1,4.12
01/07/2018,EUR,3.35,1,3.35
01/07/2018,GTQ,25,7,3.57
01/07/2018,HNL,85,23,3.7
01/07/2018,HKD,20,7,2.86
01/07/2018,HUF,850,276,3.08
01/07/2018,INR,173,68,2.54
01/07/2018,IDR,31500,14360,2.19
01/07/2018,EUR,4.07,1,4.07
01/07/2018,ILS,17,3,5.67
01/07/2018,EUR,4.2,1,4.2
01/07/2018,JPY,390,111,3.51
01/07/2018,JOD,1.95,1,1.95
01/07/2018,KWD,1.05,1,1.05
01/07/2018,EUR,2.7,1,2.7
01/07/2018,LBP,6500,1511,4.3
01/07/2018,EUR,2.8,1,2.8
01/07/2018,MYR,8.45,4,2.11
01/07/2018,MXN,49,19,2.58
01/07/2018,MDL,43,16,2.69
01/07/2018,EUR,3.79,1,3.79
01/07/2018,NZD,6.2,1,6.2
01/07/2018,NIO,103,31,3.32
01/07/2018,NOK,42,8,5.25
01/07/2018,OMR,1.05,1,1.05
01/07/2018,PKR,375,121,3.1
01/07/2018,PEN,10.5,3,3.5
01/07/2018,PHP,140,53,2.64
01/07/2018,PLN,10.1,3,3.37
01/07/2018,EUR,3.25,1,3.25
01/07/2018,QAR,12,3,4
01/07/2018,RON,9.2,3,3.07
01/07/2018,RUB,130,62,2.1
01/07/2018,SAR,12,3,4
01/07/2018,SGD,5.8,1,5.8
01/07/2018,EUR,3,1,3
01/07/2018,EUR,2.3,1,2.3
01/07/2018,ZAR,31,13,2.38
01/07/2018,KRW,4500,1116,4.03
01/07/2018,EUR,4.1,1,4.1
01/07/2018,LKR,580,159,3.65
01/07/2018,SEK,51,8,6.38
01/07/2018,CHF,6.5,1,6.5
01/07/2018,TWD,69,30,2.3
01/07/2018,THB,119,33,3.61
01/07/2018,TRY,10.75,4,2.69
01/07/2018,UAH,50,26,1.92
01/07/2018,AED,14,3,4.67
01/07/2018,USD,4.62,1,4.62
01/07/2018,UYU,140,31,4.52
01/07/2018,VND,65000,23039,2.82
01/01/2019,ARS,75,37,2.03
01/01/2019,AUD,6.1,1,6.1
01/01/2019,EUR,3.76,1,3.76
01/01/2019,AZN,3.95,1,3.95
01/01/2019,BHD,1.2,1,1.2
01/01/2019,EUR,4.2,1,4.2
01/01/2019,BRL,16.9,3,5.63
01/01/2019,GBP,3.19,1,3.19
01/01/2019,CAD,6.77,1,6.77
01/01/2019,CLP,2640,678,3.89
01/01/2019,CNY,20.9,6,3.48
01/01/2019,COP,11900,3191,3.73
01/01/2019,CRC,2290,606,3.78
01/01/2019,HRK,21,6,3.5
01/01/2019,CZK,85,22,3.86
01/01/2019,DKK,30,6,5
01/01/2019,EGP,40,17,2.35
01/01/2019,EUR,3.2,1,3.2
01/01/2019,EUR,4.05,1,4.05
01/01/2019,EUR,4.62,1,4.62
01/01/2019,EUR,4.2,1,4.2
01/01/2019,EUR,4.12,1,4.12
01/01/2019,EUR,3.35,1,3.35
01/01/2019,GTQ,25,7,3.57
01/01/2019,HNL,85,24,3.54
01/01/2019,HKD,20,7,2.86
01/01/2019,HUF,850,280,3.04
01/01/2019,INR,178,69,2.58
01/01/2019,IDR,33000,14090,2.34
01/01/2019,EUR,4.07,1,4.07
01/01/2019,ILS,17,3,5.67
01/01/2019,EUR,4.2,1,4.2
01/01/2019,JPY,390,108,3.61
01/01/2019,JOD,1.95,1,1.95
01/01/2019,KWD,1.05,1,1.05
01/01/2019,EUR,2.8,1,2.8
01/01/2019,LBP,6500,1507,4.31
01/01/2019,EUR,2.85,1,2.85
01/01/2019,MYR,9.05,4,2.26
01/01/2019,MXN,49,19,2.58
01/01/2019,MDL,40,17,2.35
01/01/2019,EUR,4,1,4
01/01/2019,NZD,6.2,1,6.2
01/01/2019,NIO,103,32,3.22
01/01/2019,NOK,50,8,6.25
01/01/2019,OMR,1.05,1,1.05
01/01/2019,PKR,460,138,3.33
01/01/2019,PEN,10.5,3,3.5
01/01/2019,PHP,140,52,2.69
01/01/2019,PLN,10.5,3,3.5
01/01/2019,EUR,3.25,1,3.25
01/01/2019,QAR,12,3,4
01/01/2019,RON,9.3,4,2.33
01/01/2019,RUB,110.17,66,1.67
01/01/2019,SAR,12,3,4
01/01/2019,SGD,5.8,1,5.8
01/01/2019,EUR,3.2,1,3.2
01/01/2019,EUR,2.3,1,2.3
01/01/2019,ZAR,31,13,2.38
01/01/2019,KRW,4500,1118,4.03
01/01/2019,EUR,3.95,1,3.95
01/01/2019,LKR,580,182,3.19
01/01/2019,SEK,52,8,6.5
01/01/2019,CHF,6.5,1,6.5
01/01/2019,TWD,69,30,2.3
01/01/2019,THB,119,32,3.72
01/01/2019,TRY,10.75,5,2.15
01/01/2019,UAH,54,27,2
01/01/2019,AED,14,3,4.67
01/01/2019,USD,4.71,1,4.71
01/01/2019,UYU,140,32,4.38
01/01/2019,VND,65000,23199,2.8
09/07/2019,ARS,120,41,2.93
09/07/2019,AUD,6.15,1,6.15
09/07/2019,EUR,3.81,1,3.81
09/07/2019,AZN,3.95,1,3.95
09/07/2019,BHD,1.4,1,1.4
09/07/2019,EUR,4.2,1,4.2
09/07/2019,BRL,17.5,3,5.83
09/07/2019,GBP,3.29,1,3.29
09/07/2019,CAD,6.77,1,6.77
09/07/2019,CLP,2640,689,3.83
09/07/2019,CNY,21,6,3.5
09/07/2019,COP,11900,3227,3.69
09/07/2019,CRC,2290,581,3.94
09/07/2019,HRK,22,6,3.67
09/07/2019,CZK,85,22,3.86
09/07/2019,DKK,30,6,5
09/07/2019,EGP,42,16,2.62
09/07/2019,EUR,3.2,1,3.2
09/07/2019,EUR,4.08,1,4.08
09/07/2019,EUR,4.75,1,4.75
09/07/2019,EUR,4.2,1,4.2
09/07/2019,EUR,4.14,1,4.14
09/07/2019,EUR,3.3,1,3.3
09/07/2019,GTQ,25,7,3.57
09/07/2019,HNL,86,24,3.58
09/07/2019,HKD,20.5,7,2.93
09/07/2019,HUF,900,290,3.1
09/07/2019,INR,183,68,2.69
09/07/2019,IDR,32000,14130,2.26
09/07/2019,EUR,4.3,1,4.3
09/07/2019,ILS,17,3,5.67
09/07/2019,EUR,4.3,1,4.3
09/07/2019,JPY,390,108,3.61
09/07/2019,JOD,2.3,1,2.3
09/07/2019,KWD,1.1,1,1.1
09/07/2019,EUR,2.85,1,2.85
09/07/2019,LBP,6500,1507,4.31
09/07/2019,EUR,2.85,1,2.85
09/07/2019,MYR,8.85,4,2.21
09/07/2019,MXN,50,18,2.78
09/07/2019,MDL,43,17,2.53
09/07/2019,EUR,4.06,1,4.06
09/07/2019,NZD,6.4,1,6.4
09/07/2019,NIO,110,33,3.33
09/07/2019,NOK,42,8,5.25
09/07/2019,OMR,1.21,1,1.21
09/07/2019,PKR,480,157,3.06
09/07/2019,PEN,10.5,3,3.5
09/07/2019,PHP,142,51,2.78
09/07/2019,PLN,10.8,3,3.6
09/07/2019,EUR,3.25,1,3.25
09/07/2019,QAR,13,3,4.33
09/07/2019,RON,9.3,4,2.33
09/07/2019,RUB,130,63,2.06
09/07/2019,SAR,13,3,4.33
09/07/2019,SGD,5.8,1,5.8
09/07/2019,EUR,3.2,1,3.2
09/07/2019,EUR,2.4,1,2.4
09/07/2019,ZAR,31,14,2.21
09/07/2019,KRW,4500,1180,3.81
09/07/2019,EUR,3.95,1,3.95
09/07/2019,LKR,640,175,3.66
09/07/2019,SEK,51,9,5.67
09/07/2019,CHF,6.5,1,6.5
09/07/2019,TWD,72,31,2.32
09/07/2019,THB,119,30,3.97
09/07/2019,TRY,13.99,5,2.8
09/07/2019,UAH,57,25,2.28
09/07/2019,AED,14.75,3,4.92
09/07/2019,USD,4.71,1,4.71
09/07/2019,UYU,164,35,4.69
09/07/2019,VND,65000,23231,2.8
14/01/2020,ARS,171,60,2.85
14/01/2020,AUD,6.45,1,6.45
14/01/2020,EUR,3.84,1,3.84
14/01/2020,AZN,3.95,1,3.95
14/01/2020,BHD,1.4,1,1.4
14/01/2020,EUR,4.3,1,4.3
14/01/2020,BRL,19.9,4,4.97
14/01/2020,GBP,3.39,1,3.39
14/01/2020,CAD,6.77,1,6.77
14/01/2020,CLP,2640,772,3.42
14/01/2020,CNY,21.5,6,3.58
14/01/2020,COP,11900,3287,3.62
14/01/2020,CRC,2350,569,4.13
14/01/2020,HRK,22,6,3.67
14/01/2020,CZK,85,22,3.86
14/01/2020,DKK,30,6,5
14/01/2020,EGP,42,15,2.8
14/01/2020,EUR,3.2,1,3.2
14/01/2020,EUR,4.12,1,4.12
14/01/2020,EUR,4.83,1,4.83
14/01/2020,EUR,4.2,1,4.2
14/01/2020,EUR,4.14,1,4.14
14/01/2020,EUR,3.3,1,3.3
14/01/2020,GTQ,25,7,3.57
14/01/2020,HNL,87,24,3.62
14/01/2020,HKD,20.5,7,2.93
14/01/2020,HUF,900,298,3.02
14/01/2020,INR,188,70,2.69
14/01/2020,IDR,33000,13670,2.41
14/01/2020,EUR,4.2,1,4.2
14/01/2020,ILS,17,3,5.67
14/01/2020,EUR,4.3,1,4.3
14/01/2020,JPY,390,110,3.55
14/01/2020,JOD,2.3,1,2.3
14/01/2020,KWD,1.1,1,1.1
14/01/2020,EUR,2.85,1,2.85
14/01/2020,LBP,6500,1514,4.29
14/01/2020,EUR,2.85,1,2.85
14/01/2020,MYR,9.5,4,2.38
14/01/2020,MXN,50,18,2.78
14/01/2020,MDL,45,17,2.65
14/01/2020,EUR,4.09,1,4.09
14/01/2020,NZD,6.5,1,6.5
14/01/2020,NIO,120,33,3.64
14/01/2020,NOK,53,8,6.62
14/01/2020,OMR,1.155,1,1.16
14/01/2020,PKR,520,154,3.38
14/01/2020,PEN,11.9,3,3.97
14/01/2020,PHP,142,50,2.84
14/01/2020,PLN,11,3,3.67
14/01/2020,EUR,3.25,1,3.25
14/01/2020,QAR,13,3,4.33
14/01/2020,RON,9.5,4,2.38
14/01/2020,RUB,135,61,2.21
14/01/2020,SAR,13,3,4.33
14/01/2020,SGD,5.9,1,5.9
14/01/2020,EUR,3.4,1,3.4
14/01/2020,EUR,2.4,1,2.4
14/01/2020,ZAR,31,14,2.21
14/01/2020,KRW,4500,1156,3.89
14/01/2020,EUR,4.2,1,4.2
14/01/2020,LKR,580,181,3.2
14/01/2020,SEK,51.5,9,5.72
14/01/2020,CHF,6.5,1,6.5
14/01/2020,TWD,72,29,2.48
14/01/2020,THB,115,30,3.83
14/01/2020,TRY,12.99,5,2.6
14/01/2020,UAH,57,23,2.48
14/01/2020,AED,14.75,3,4.92
14/01/2020,USD,4.82,1,4.82
14/01/2020,UYU,179,37,4.84
14/01/2020,VND,66000,23176,2.85
01/07/2020,ARS,250,71,3.52
01/07/2020,AUD,6.55,1,6.55
01/07/2020,EUR,3.86,1,3.86
01/07/2020,AZN,3.95,1,3.95
01/07/2020,BHD,1.4,1,1.4
01/07/2020,EUR,4.35,1,4.35
01/07/2020,BRL,20.9,5,4.18
01/07/2020,GBP,3.39,1,3.39
01/07/2020,CAD,6.88,1,6.88
01/07/2020,CLP,2740,787,3.48
01/07/2020,CNY,21.7,7,3.1
01/07/2020,COP,11900,3617,3.29
01/07/2020,CRC,2350,581,4.04
01/07/2020,HRK,22,6,3.67
01/07/2020,CZK,89,23,3.87
01/07/2020,DKK,30,6,5
01/07/2020,EGP,42,15,2.8
01/07/2020,EUR,3.2,1,3.2
01/07/2020,EUR,4.21,1,4.21
01/07/2020,EUR,4.88,1,4.88
01/07/2020,EUR,4.2,1,4.2
01/07/2020,EUR,4.45,1,4.45
01/07/2020,EUR,3.3,1,3.3
01/07/2020,GTQ,25,7,3.57
01/07/2020,HNL,87,24,3.62
01/07/2020,HKD,20.5,7,2.93
01/07/2020,HUF,900,311,2.89
01/07/2020,INR,190,75,2.53
01/07/2020,IDR,34000,14435,2.36
01/07/2020,EUR,4.3,1,4.3
01/07/2020,ILS,17,3,5.67
01/07/2020,EUR,4.3,1,4.3
01/07/2020,JPY,390,107,3.64
01/07/2020,JOD,2.3,1,2.3
01/07/2020,KWD,1.15,1,1.15
01/07/2020,EUR,2.85,1,2.85
01/07/2020,LBP,9000,1512,5.95
01/07/2020,EUR,2.85,1,2.85
01/07/2020,MYR,9.99,4,2.5
01/07/2020,MXN,50,22,2.27
01/07/2020,MDL,47,17,2.76
01/07/2020,EUR,4.09,1,4.09
01/07/2020,NZD,6.6,1,6.6
01/07/2020,NIO,120,34,3.53
01/07/2020,NOK,52,9,5.78
01/07/2020,OMR,1.1,1,1.1
01/07/2020,PKR,550,166,3.31
01/07/2020,PEN,11.9,3,3.97
01/07/2020,PHP,142,49,2.9
01/07/2020,PLN,11,3,3.67
01/07/2020,EUR,3.45,1,3.45
01/07/2020,QAR,13,3,4.33
01/07/2020,RON,9.9,4,2.48
01/07/2020,RUB,135,70,1.93
01/07/2020,SAR,14,3,4.67
01/07/2020,SGD,5.9,1,5.9
01/07/2020,EUR,3.6,1,3.6
01/07/2020,EUR,2.5,1,2.5
01/07/2020,ZAR,31,16,1.94
01/07/2020,KRW,4500,1200,3.75
01/07/2020,EUR,4.1,1,4.1
01/07/2020,LKR,680,185,3.68
01/07/2020,SEK,52.6,9,5.84
01/07/2020,CHF,6.5,1,6.5
01/07/2020,TWD,72,29,2.48
01/07/2020,THB,128,31,4.13
01/07/2020,TRY,13.99,6,2.33
01/07/2020,UAH,59,27,2.19
01/07/2020,AED,14.75,3,4.92
01/07/2020,USD,4.82,1,4.82
01/07/2020,UYU,189,43,4.4
01/07/2020,VND,66000,23180,2.85
01/01/2021,ARS,320,85,3.76
01/01/2021,AUD,6.48,1,6.48
01/01/2021,EUR,3.88,1,3.88
01/01/2021,AZN,3.95,1,3.95
01/01/2021,BHD,1.5,1,1.5
01/01/2021,EUR,4.35,1,4.35
01/01/2021,BRL,21.9,5,4.38
01/01/2021,GBP,3.29,1,3.29
01/01/2021,CAD,6.77,1,6.77
01/01/2021,CLP,2940,719,4.09
01/01/2021,CNY,22.4,6,3.73
01/01/2021,COP,12950,3460,3.74
01/01/2021,CRC,2350,613,3.83
01/01/2021,HRK,23,6,3.83
01/01/2021,CZK,89,21,4.24
01/01/2021,DKK,30,6,5
01/01/2021,EGP,42.5,15,2.83
01/01/2021,EUR,3.2,1,3.2
01/01/2021,EUR,4.25,1,4.25
01/01/2021,EUR,4.87,1,4.87
01/01/2021,EUR,4.2,1,4.2
01/01/2021,EUR,4.46,1,4.46
01/01/2021,EUR,3.3,1,3.3
01/01/2021,GTQ,25,7,3.57
01/01/2021,HNL,87,24,3.62
01/01/2021,HKD,20.5,7,2.93
01/01/2021,HUF,900,297,3.03
01/01/2021,INR,190,73,2.6
01/01/2021,IDR,34000,14125,2.41
01/01/2021,EUR,4.4,1,4.4
01/01/2021,ILS,17,3,5.67
01/01/2021,EUR,4.3,1,4.3
01/01/2021,JPY,390,104,3.75
01/01/2021,JOD,2.3,1,2.3
01/01/2021,KWD,1.15,1,1.15
01/01/2021,EUR,2.85,1,2.85
01/01/2021,LBP,15500,8750,1.77
01/01/2021,EUR,2.9,1,2.9
01/01/2021,MYR,9.99,4,2.5
01/01/2021,MXN,54,20,2.7
01/01/2021,MDL,50,17,2.94
01/01/2021,EUR,4.13,1,4.13
01/01/2021,NZD,6.8,1,6.8
01/01/2021,NIO,124,34,3.65
01/01/2021,NOK,52,8,6.5
01/01/2021,OMR,1.1,1,1.1
01/01/2021,PKR,550,160,3.44
01/01/2021,PEN,11.9,3,3.97
01/01/2021,PHP,142,48,2.96
01/01/2021,PLN,13.08,3,4.36
01/01/2021,EUR,3.45,1,3.45
01/01/2021,QAR,13,3,4.33
01/01/2021,RON,9.9,4,2.48
01/01/2021,RUB,135,74,1.82
01/01/2021,SAR,14,3,4.67
01/01/2021,SGD,5.9,1,5.9
01/01/2021,EUR,3.7,1,3.7
01/01/2021,EUR,2.5,1,2.5
01/01/2021,ZAR,33.5,15,2.23
01/01/2021,KRW,4500,1097,4.1
01/01/2021,EUR,4.33,1,4.33
01/01/2021,LKR,700,189,3.7
01/01/2021,SEK,52.88,8,6.61
01/01/2021,CHF,6.5,1,6.5
01/01/2021,TWD,72,27,2.67
01/01/2021,THB,128,30,4.27
01/01/2021,TRY,14.99,7,2.14
01/01/2021,UAH,62,28,2.21
01/01/2021,AED,14.75,3,4.92
01/01/2021,USD,4.89,1,4.89
01/01/2021,UYU,204,42,4.86
01/01/2021,VND,66000,23064,2.86
01/07/2021,ARS,380,96,3.96
01/07/2021,AUD,6.55,1,6.55
01/07/2021,EUR,3.92,1,3.92
01/07/2021,AZN,3.95,1,3.95
01/07/2021,BHD,1.5,1,1.5
01/07/2021,EUR,4.45,1,4.45
01/07/2021,BRL,22.9,5,4.58
01/07/2021,GBP,3.49,1,3.49
01/07/2021,CAD,6.77,1,6.77
01/07/2021,CLP,2990,759,3.94
01/07/2021,CNY,22.4,6,3.73
01/07/2021,COP,12950,3842,3.37
01/07/2021,CRC,2370,617,3.84
01/07/2021,HRK,24,6,4
01/07/2021,CZK,89,21,4.24
01/07/2021,DKK,30,6,5
01/07/2021,EGP,42.5,15,2.83
01/07/2021,EUR,3.2,1,3.2
01/07/2021,EUR,4.29,1,4.29
01/07/2021,EUR,4.89,1,4.89
01/07/2021,EUR,4.3,1,4.3
01/07/2021,EUR,4.45,1,4.45
01/07/2021,EUR,3.3,1,3.3
01/07/2021,GTQ,26,7,3.71
01/07/2021,HNL,87,23,3.78
01/07/2021,HKD,21,7,3
01/07/2021,HUF,908,305,2.98
01/07/2021,INR,190,74,2.57
01/07/2021,IDR,34000,14517,2.34
01/07/2021,EUR,4.5,1,4.5
01/07/2021,ILS,17,3,5.67
01/07/2021,EUR,4.3,1,4.3
01/07/2021,JPY,390,109,3.58
01/07/2021,JOD,2.13,1,2.13
01/07/2021,KWD,1.25,1,1.25
01/07/2021,EUR,2.85,1,2.85
01/07/2021,LBP,37000,22000,1.68
01/07/2021,EUR,2.9,1,2.9
01/07/2021,MYR,9.99,4,2.5
01/07/2021,MXN,64,20,3.2
01/07/2021,MDL,52,17,3.06
01/07/2021,EUR,4.22,1,4.22
01/07/2021,NZD,6.9,1,6.9
01/07/2021,NIO,128,35,3.66
01/07/2021,NOK,57,9,6.33
01/07/2021,OMR,1.15,1,1.15
01/07/2021,PKR,580,161,3.6
01/07/2021,PEN,12.9,3,4.3
01/07/2021,PHP,142,50,2.84
01/07/2021,PLN,13.43,3,4.48
01/07/2021,EUR,3.45,1,3.45
01/07/2021,QAR,13,3,4.33
01/07/2021,RON,10.6,4,2.65
01/07/2021,RUB,135,74,1.82
01/07/2021,SAR,14,3,4.67
01/07/2021,SGD,5.9,1,5.9
01/07/2021,EUR,3.7,1,3.7
01/07/2021,EUR,2.6,1,2.6
01/07/2021,ZAR,33.5,14,2.39
01/07/2021,KRW,4600,1150,4
01/07/2021,EUR,4.4,1,4.4
01/07/2021,LKR,700,199,3.52
01/07/2021,SEK,54,8,6.75
01/07/2021,CHF,6.5,1,6.5
01/07/2021,TWD,72,28,2.57
01/07/2021,THB,128,32,4
01/07/2021,TRY,19.99,8,2.5
01/07/2021,UAH,65,27,2.41
01/07/2021,AED,14.75,3,4.92
01/07/2021,USD,4.93,1,4.93
01/07/2021,UYU,225,44,5.11
01/07/2021,VES,16020000,3613989,4.43
01/07/2021,VND,69000,23028,3
01/01/2022,ARS,450,105,4.29
01/01/2022,AUD,6.4,1,6.4
01/01/2022,EUR,3.8,1,3.8
01/01/2022,AZN,4.5,1,4.5
01/01/2022,BHD,1.5,1,1.5
01/01/2022,EUR,4.55,1,4.55
01/01/2022,BRL,22.9,5,4.58
01/01/2022,GBP,3.59,1,3.59
01/01/2022,CAD,6.77,1,6.77
01/01/2022,CLP,3100,798,3.88
01/01/2022,CNY,24.4,6,4.07
01/01/2022,COP,12950,3941,3.29
01/01/2022,CRC,2650,642,4.13
01/01/2022,HRK,23.67,6,3.94
01/01/2022,CZK,89,21,4.24
01/01/2022,DKK,32,6,5.33
01/01/2022,EGP,42.5,15,2.83
01/01/2022,EUR,3.4,1,3.4
01/01/2022,EUR,4.42,1,4.42
01/01/2022,EUR,4.95,1,4.95
01/01/2022,EUR,4.35,1,4.35
01/01/2022,EUR,4.46,1,4.46
01/01/2022,EUR,3.4,1,3.4
01/01/2022,GTQ,26,7,3.71
01/01/2022,HNL,89,24,3.71
01/01/2022,HKD,22,7,3.14
01/01/2022,HUF,982,317,3.1
01/01/2022,INR,190,74,2.57
01/01/2022,IDR,34000,14382,2.36
01/01/2022,EUR,4.6,1,4.6
01/01/2022,ILS,17,3,5.67
01/01/2022,EUR,4.8,1,4.8
01/01/2022,JPY,390,115,3.39
01/01/2022,JOD,2.12,1,2.12
01/01/2022,KWD,1.25,1,1.25
01/01/2022,EUR,2.85,1,2.85
01/01/2022,LBP,70000,21500,3.26
01/01/2022,EUR,2.9,1,2.9
01/01/2022,MYR,9.99,4,2.5
01/01/2022,MXN,69,20,3.45
01/01/2022,MDL,52,18,2.89
01/01/2022,EUR,4.4,1,4.4
01/01/2022,NZD,7,1,7
01/01/2022,NIO,134,35,3.83
01/01/2022,NOK,57,8,7.12
01/01/2022,OMR,1.15,1,1.15
01/01/2022,PKR,590,176,3.35
01/01/2022,PEN,12.9,3,4.3
01/01/2022,PHP,142,50,2.84
01/01/2022,PLN,14.08,4,3.52
01/01/2022,EUR,3.45,1,3.45
01/01/2022,QAR,13,3,4.33
01/01/2022,RON,10.6,4,2.65
01/01/2022,RUB,135,77,1.75
01/01/2022,SAR,15,3,5
01/01/2022,SGD,5.9,1,5.9
01/01/2022,EUR,3.8,1,3.8
01/01/2022,EUR,2.8,1,2.8
01/01/2022,ZAR,39.9,15,2.66
01/01/2022,KRW,4600,1205,3.82
01/01/2022,EUR,4.58,1,4.58
01/01/2022,LKR,840,202,4.16
01/01/2022,SEK,54,9,6
01/01/2022,CHF,6.5,1,6.5
01/01/2022,TWD,75,27,2.78
01/01/2022,THB,128,33,3.88
01/01/2022,TRY,24.99,13,1.92
01/01/2022,UAH,69,28,2.46
01/01/2022,AED,17,3,5.67
01/01/2022,USD,5.04,1,5.04
01/01/2022,UYU,239,44,5.43
01/01/2022,VES,23,4,5.75
01/01/2022,VND,69000,22650,3.05
01/07/2022,ARS,590,129,4.57
01/07/2022,AUD,6.7,1,6.7
01/07/2022,EUR,4.35,1,4.35
01/07/2022,AZN,4.7,1,4.7
01/07/2022,BHD,1.6,1,1.6
01/07/2022,EUR,4.6,1,4.6
01/07/2022,BRL,22.9,5,4.58
01/07/2022,GBP,3.69,1,3.69
01/07/2022,CAD,6.77,1,6.77
01/07/2022,CLP,3400,928,3.66
01/07/2022,CNY,24,6,4
01/07/2022,COP,14950,4295,3.48
01/07/2022,CRC,2650,678,3.91
01/07/2022,HRK,27,7,3.86
01/07/2022,CZK,95,23,4.13
01/07/2022,EGP,46,18,2.56
01/07/2022,EUR,3.4,1,3.4
01/07/2022,EUR,4.65,1,4.65
01/07/2022,EUR,5.25,1,5.25
01/07/2022,EUR,4.7,1,4.7
01/07/2022,EUR,4.58,1,4.58
01/07/2022,EUR,4,1,4
01/07/2022,GTQ,26,7,3.71
01/07/2022,HNL,89,24,3.71
01/07/2022,HKD,21,7,3
01/07/2022,HUF,1030,389,2.65
01/07/2022,INR,191,79,2.42
01/07/2022,IDR,35000,14977,2.34
01/07/2022,EUR,5,1,5
01/07/2022,ILS,17,3,5.67
01/07/2022,EUR,5.1,1,5.1
01/07/2022,JPY,390,137,2.85
01/07/2022,JOD,2.3,1,2.3
01/07/2022,KWD,1.3,1,1.3
01/07/2022,EUR,3,1,3
01/07/2022,LBP,130000,25600,5.08
01/07/2022,EUR,3.05,1,3.05
01/07/2022,MYR,10.9,4,2.72
01/07/2022,MXN,70,20,3.5
01/07/2022,MDL,60,19,3.16
01/07/2022,EUR,4.5,1,4.5
01/07/2022,NZD,7.1,1,7.1
01/07/2022,NIO,139,35,3.97
01/07/2022,NOK,62,9,6.89
01/07/2022,OMR,1.42,1,1.42
01/07/2022,PKR,700,221,3.17
01/07/2022,PEN,13.9,3,4.63
01/07/2022,PHP,155,56,2.77
01/07/2022,PLN,16.68,4,4.17
01/07/2022,EUR,4,1,4
01/07/2022,QAR,13,3,4.33
01/07/2022,RON,11,4,2.75
01/07/2022,SAR,17,3,5.67
01/07/2022,SGD,5.9,1,5.9
01/07/2022,EUR,3.9,1,3.9
01/07/2022,EUR,3.2,1,3.2
01/07/2022,ZAR,39.9,17,2.35
01/07/2022,KRW,4600,1313,3.5
01/07/2022,EUR,4.58,1,4.58
01/07/2022,LKR,1340,360,3.72
01/07/2022,SEK,57,10,5.7
01/07/2022,CHF,6.5,1,6.5
01/07/2022,TWD,75,29,2.59
01/07/2022,THB,128,36,3.56
01/07/2022,TRY,47,17,2.76
01/07/2022,AED,18,3,6
01/07/2022,USD,5.15,1,5.15
01/07/2022,UYU,255,41,6.22
01/07/2022,VES,10,5,2
01/07/2022,VND,69000,23417,2.95
